{
    "model": "ARIMA baseline",
    "mae": 244.20295902883157,
    "rmse": 267.57192316602993,
    "r2": -26.202648764737965
}