{
    "model": "XGBoost capacity-only baseline",
    "mae": 15.822421060504617,
    "rmse": 22.113126071900286,
    "r2": 0.5143885166270488
}